datetime,open,high,low,close,volume
2021-01-04,19.56,21.03,19.34,20.03,0
2021-01-05,20.03,21.01,20.03,20.46,0
2021-01-06,20.46,21.63,20.43,21.0,0
2021-01-07,21.0,21.0,20.14,20.62,0
2021-01-08,20.62,20.85,17.38,20.64,0
2021-01-11,20.64,22.75,20.64,22.38,0
2021-01-12,22.38,23.26,22.29,22.85,0
2021-01-13,22.85,24.05,22.37,23.29,0
2021-01-14,23.29,23.7,22.81,23.03,0
2021-01-15,23.03,24.68,23.03,24.01,0
2021-01-18,24.01,25.41,23.57,24.4,0
2021-01-19,24.4,24.4,20.36,22.9,0
2021-01-20,22.9,23.19,19.33,21.55,0
2021-01-21,21.55,22.78,18.62,22.18,0
2021-01-22,22.18,23.04,18.73,22.42,0
2021-01-25,22.42,23.81,20.34,23.25,0
2021-01-27,23.25,24.75,20.83,24.39,0
2021-01-28,24.39,25.3,23.44,24.29,0
2021-01-29,24.29,25.99,22.08,25.34,0
2021-02-01,25.34,25.93,22.6,23.32,0
2021-02-02,23.32,23.61,21.0,23.35,0
2021-02-03,23.35,24.2,20.95,23.75,0
2021-02-04,23.75,23.93,22.09,23.12,0
2021-02-05,23.12,23.94,20.08,23.42,0
2021-02-08,23.42,24.35,22.18,23.96,0
2021-02-09,23.96,24.47,21.43,24.27,0
2021-02-10,24.27,24.96,20.91,23.95,0
2021-02-11,23.95,24.22,21.02,23.05,0
2021-02-15,22.04,22.39,20.82,21.48,0
2021-02-16,21.48,22.12,20.54,21.78,0
2021-02-17,21.78,21.88,21.1,21.51,0
2021-02-18,21.51,22.09,19.96,21.54,0
2021-02-19,21.54,22.87,19.35,22.25,0
2021-02-22,22.25,25.82,20.02,25.47,0
2021-02-23,25.47,25.64,23.86,25.23,0
2021-02-24,25.23,25.23,23.48,24.17,0
2021-02-25,24.17,24.17,22.63,22.89,0
2021-02-26,22.89,29.65,22.89,28.14,0
2021-03-01,28.14,28.14,24.95,25.63,0
2021-03-02,25.63,25.63,23.21,23.61,0
2021-03-03,23.61,23.61,21.82,22.09,0
2021-03-04,22.09,24.58,22.09,24.15,0
2021-03-05,24.15,26.41,22.86,25.56,0
2021-03-08,25.56,25.65,21.2,24.68,0
2021-03-09,24.68,24.68,21.44,22.5,0
2021-03-10,22.5,22.5,19.32,20.75,0
2021-03-12,20.75,22.67,18.54,21.71,0
2021-03-15,21.71,22.93,21.0,21.23,0
2021-03-16,21.23,21.23,18.06,20.19,0
2021-03-17,20.19,20.42,18.62,20.16,0
2021-03-18,20.16,20.95,16.68,20.08,0
2021-03-19,20.08,21.87,18.73,19.99,0
2021-03-22,19.99,21.23,18.97,20.49,0
2021-03-23,20.49,22.14,20.49,20.67,0
2021-03-24,20.67,22.69,19.75,22.46,0
2021-03-25,22.46,23.31,21.12,22.7,0
2021-03-26,22.7,22.92,18.23,20.65,0
2021-03-31,20.49,20.83,20.0,20.65,0
2021-04-01,20.65,20.68,19.73,19.99,0
2021-04-05,19.99,23.31,19.99,21.22,0
2021-04-06,21.22,22.24,19.81,20.84,0
2021-04-07,20.84,21.3,19.43,20.25,0
2021-04-08,20.25,20.59,19.17,20.31,0
2021-04-09,20.31,20.97,19.68,19.79,0
2021-04-12,19.79,23.3,19.79,23.0,0
2021-04-13,23.0,23.0,20.3,20.46,0
2021-04-15,20.46,21.55,18.25,20.89,0
2021-04-16,20.89,21.09,19.48,20.4,0
2021-04-19,20.4,23.11,19.81,22.49,0
2021-04-20,22.49,22.75,21.24,22.43,0
2021-04-22,22.43,23.61,22.43,23.03,0
2021-04-23,23.03,23.05,20.21,22.69,0
2021-04-26,22.69,23.56,22.62,23.5,0
2021-04-27,23.5,23.63,22.32,23.08,0
2021-04-28,23.08,23.11,20.97,22.58,0
2021-04-29,22.58,23.42,22.11,23.31,0
2021-04-30,23.31,23.77,22.6,23.03,0
2021-05-03,23.03,24.54,21.84,23.69,0
2021-05-04,23.69,23.69,22.18,23.01,0
2021-05-05,23.01,23.19,21.14,21.96,0
2021-05-06,21.96,22.61,20.12,22.04,0
2021-05-07,22.04,22.04,20.31,20.82,0
2021-05-10,20.82,21.15,20.14,20.23,0
2021-05-11,20.23,21.12,19.72,19.83,0
2021-05-12,19.83,20.91,18.36,20.08,0
2021-05-14,20.08,21.15,18.23,20.27,0
2021-05-17,20.27,20.43,18.36,19.61,0
2021-05-18,19.61,19.61,18.31,19.24,0
2021-05-19,19.24,19.57,17.23,19.32,0
2021-05-20,19.32,19.84,18.09,19.65,0
2021-05-21,19.65,19.65,17.13,19.08,0
2021-05-24,19.08,19.89,18.72,19.13,0
2021-05-25,19.13,21.05,17.69,18.84,0
2021-05-26,18.84,21.3,17.23,20.87,0
2021-05-27,20.87,21.32,18.35,19.91,0
2021-05-28,19.91,19.91,17.36,17.4,0
2021-05-31,17.4,17.99,16.43,16.89,0
2021-06-01,16.89,17.96,15.31,17.39,0
2021-06-02,17.39,17.65,15.17,17.21,0
2021-06-03,17.21,17.21,14.15,15.75,0
2021-06-04,15.75,16.38,14.94,15.94,0
2021-06-07,15.94,15.94,14.74,15.57,0
2021-06-08,15.57,15.6,13.57,15.23,0
2021-06-09,15.23,15.74,11.95,14.75,0
2021-06-10,14.75,15.2,14.18,15.0,0
2021-06-11,15.0,15.0,13.94,14.1,0
2021-06-14,14.1,15.31,13.74,14.72,0
2021-06-15,14.72,15.16,13.28,14.61,0
2021-06-16,14.61,15.32,13.62,14.87,0
2021-06-17,14.87,16.05,14.53,15.29,0
2021-06-18,15.29,16.62,10.6,14.8,0
2021-06-21,14.8,16.46,14.38,15.06,0
2021-06-22,15.06,15.11,14.43,14.74,0
2021-06-23,14.74,15.54,13.63,15.37,0
2021-06-24,15.37,15.64,14.93,15.1,0
2021-06-25,15.1,15.27,13.28,13.37,0
2021-06-28,13.37,13.77,13.12,13.4,0
2021-06-29,13.4,13.4,12.9,13.0,0
2021-06-30,13.0,13.14,12.6,13.05,0
2021-07-01,13.05,13.28,12.33,12.84,0
2021-07-02,12.84,13.02,12.02,12.09,0
2021-07-05,12.09,12.62,11.99,12.07,0
2021-07-06,12.07,12.36,11.29,12.28,0
2021-07-07,12.28,12.59,11.15,12.21,0
2021-07-08,12.21,14.01,12.06,13.56,0
2021-07-09,13.56,14.0,12.18,12.94,0
2021-07-12,12.94,13.61,11.81,12.99,0
2021-07-13,12.99,12.99,10.67,12.62,0
2021-07-14,12.62,12.96,10.49,12.59,0
2021-07-15,12.59,12.95,11.08,12.27,0
2021-07-16,12.27,12.37,11.63,11.71,0
2021-07-19,11.71,13.2,11.71,12.68,0
2021-07-20,12.68,14.09,11.79,13.21,0
2021-07-22,13.21,13.21,11.72,11.89,0
2021-07-23,11.89,12.12,11.57,11.76,0
2021-07-26,11.76,12.54,10.4,12.45,0
2021-07-27,12.45,13.53,12.1,13.23,0
2021-07-28,13.23,15.98,11.36,13.69,0
2021-07-29,13.69,13.69,12.44,12.95,0
2021-07-30,12.95,13.32,12.18,12.8,0
2021-08-02,12.8,13.09,11.52,12.81,0
2021-08-03,12.81,13.91,11.96,13.75,0
2021-08-04,13.75,14.06,12.65,13.21,0
2021-08-05,13.21,13.42,11.2,12.87,0
2021-08-06,12.87,13.16,11.64,12.61,0
2021-08-09,12.61,13.11,12.03,12.61,0
2021-08-10,12.61,13.07,9.98,12.71,0
2021-08-11,12.71,13.33,10.47,12.71,0
2021-08-12,12.71,12.82,11.36,12.37,0
2021-08-13,12.37,13.16,11.4,12.99,0
2021-08-16,12.99,13.66,11.38,13.46,0
2021-08-17,13.46,13.61,12.03,13.41,0
2021-08-18,13.41,13.41,11.12,12.91,0
2021-08-20,12.91,14.14,12.35,14.02,0
2021-08-23,14.02,14.44,12.73,13.69,0
2021-08-24,13.69,14.51,13.1,13.19,0
2021-08-25,13.19,13.97,12.27,13.5,0
2021-08-26,13.5,14.2,12.11,13.54,0
2021-08-27,13.54,13.76,12.94,13.41,0
2021-08-30,13.41,13.69,12.4,13.32,0
2021-08-31,13.32,14.77,12.64,14.52,0
2021-09-01,14.52,15.63,13.9,14.19,0
2021-09-02,14.19,14.39,13.61,14.24,0
2021-09-03,14.24,14.65,13.58,14.54,0
2021-09-06,14.54,15.28,14.06,15.11,0
2021-09-07,15.11,15.23,14.59,14.9,0
2021-09-08,14.9,15.06,12.49,14.41,0
2021-09-09,14.41,14.41,13.64,13.94,0
2021-09-13,13.94,14.78,11.92,14.03,0
2021-09-14,14.03,14.03,10.87,13.58,0
2021-09-15,13.58,13.88,12.37,13.73,0
2021-09-16,13.73,14.53,9.03,14.41,0
2021-09-17,14.41,15.65,12.14,15.23,0
2021-09-20,15.23,17.81,10.23,17.49,0
2021-09-21,17.49,18.0,13.0,16.52,0
2021-09-22,16.52,16.86,13.28,16.49,0
2021-09-23,16.49,16.94,10.31,16.6,0
2021-09-24,16.6,17.33,12.77,16.92,0
2021-09-27,16.92,18.14,13.52,18.05,0
2021-09-28,18.05,18.57,15.37,18.54,0
2021-09-29,18.54,19.44,16.76,18.84,0
2021-09-30,18.84,19.14,17.15,18.4,0
2021-10-01,18.4,19.08,17.0,17.21,0
2021-10-04,17.21,17.53,15.32,16.74,0
2021-10-05,16.74,17.13,16.3,16.4,0
2021-10-06,16.4,17.59,16.11,17.33,0
2021-10-07,17.33,17.33,14.45,16.16,0
2021-10-08,16.16,16.4,15.53,15.65,0
2021-10-11,15.65,16.41,12.23,16.09,0
2021-10-12,16.09,16.4,13.94,15.85,0
2021-10-13,15.85,16.22,13.38,16.1,0
2021-10-14,16.1,16.29,12.61,15.77,0
2021-10-18,15.77,17.32,14.16,17.19,0
2021-10-19,17.19,17.54,14.24,17.38,0
2021-10-20,17.38,18.87,15.23,18.31,0
2021-10-21,18.31,18.8,14.91,18.04,0
2021-10-22,18.04,18.04,14.36,17.55,0
2021-10-25,17.55,18.76,14.51,17.61,0
2021-10-26,17.61,17.73,16.65,16.75,0
2021-10-27,16.75,17.03,15.4,16.83,0
2021-10-28,16.83,18.43,16.81,17.91,0
2021-10-29,17.91,19.64,16.28,17.43,0
2021-11-01,17.43,18.1,15.38,17.24,0
2021-11-02,17.24,17.79,16.36,17.06,0
2021-11-03,17.06,17.06,15.7,16.13,0
2021-11-04,16.13,16.41,14.31,15.75,0
2021-11-08,15.75,16.93,13.99,16.34,0
2021-11-09,16.34,16.62,14.64,16.0,0
2021-11-10,16.0,16.69,15.14,16.31,0
2021-11-11,16.31,17.29,14.65,16.35,0
2021-11-12,16.35,16.35,14.65,15.22,0
2021-11-15,15.22,15.84,13.43,15.47,0
2021-11-16,15.47,15.68,13.58,15.2,0
2021-11-17,15.2,15.41,13.92,14.98,0
2021-11-18,14.98,16.15,12.08,14.86,0
2021-11-22,14.86,18.08,13.56,17.52,0
2021-11-23,17.52,20.03,16.79,18.02,0
2021-11-24,18.02,18.02,15.58,17.1,0
2021-11-25,17.1,18.07,16.0,16.66,0
2021-11-26,16.66,21.39,16.05,20.8,0
2021-11-29,20.8,23.82,18.89,20.83,0
2021-11-30,20.83,21.97,18.81,21.17,0
2021-12-01,21.17,21.17,18.94,19.45,0
2021-12-02,19.45,22.97,18.0,18.09,0
2021-12-03,18.09,18.83,17.21,18.46,0
2021-12-06,18.46,20.48,18.3,20.08,0
2021-12-07,20.08,20.08,18.24,18.46,0
2021-12-08,18.46,18.46,16.57,17.27,0
2021-12-09,17.27,17.44,15.54,16.6,0
2021-12-10,16.6,16.93,15.21,16.06,0
2021-12-13,16.06,16.86,14.68,16.57,0
2021-12-14,16.57,17.33,13.94,16.95,0
2021-12-15,16.95,17.71,15.77,17.22,0
2021-12-16,17.22,17.22,15.26,15.9,0
2021-12-17,15.9,16.91,13.76,16.34,0
2021-12-20,16.34,20.14,16.34,18.97,0
2021-12-21,18.97,18.97,16.63,17.54,0
2021-12-22,17.54,17.54,15.69,16.58,0
2021-12-23,16.58,16.58,15.68,15.83,0
2021-12-24,15.83,16.65,15.33,16.15,0
2021-12-27,16.15,17.28,15.26,17.12,0
2021-12-28,17.12,17.12,15.21,16.48,0
2021-12-29,16.48,16.86,15.8,16.24,0
2021-12-30,16.24,16.79,15.29,16.57,0
2021-12-31,16.57,16.77,15.4,16.22,0
2022-01-03,16.22,16.81,15.45,16.45,0
2022-01-04,16.45,16.68,15.71,16.12,0
2022-01-05,16.12,17.38,15.09,17.23,0
2022-01-06,17.23,18.42,16.4,17.98,0
2022-01-07,17.98,18.09,16.86,17.6,0
2022-01-10,17.6,18.39,15.84,17.68,0
2022-01-11,17.68,18.25,16.44,17.76,0
2022-01-12,17.76,17.93,16.55,17.18,0
2022-01-13,17.18,17.53,16.61,16.71,0
2022-01-14,16.71,17.1,15.34,16.56,0
2022-01-17,16.56,17.55,16.27,16.77,0
2022-01-18,16.77,17.88,16.77,17.78,0
2022-01-19,17.78,18.45,15.94,17.82,0
2022-01-20,17.82,18.45,17.32,17.79,0
2022-01-21,17.79,19.61,16.98,18.89,0
2022-01-24,18.89,23.9,18.89,22.83,0
2022-01-25,22.83,24.14,21.18,21.36,0
2022-01-27,21.36,23.87,20.44,21.07,0
2022-01-28,21.07,21.32,20.28,20.7,0
2022-01-31,20.7,22.11,20.7,21.95,0
2022-02-01,21.95,22.07,19.75,19.98,0
2022-02-02,19.98,19.98,18.55,18.65,0
2022-02-03,18.65,19.6,17.41,19.16,0
2022-02-04,19.16,19.78,18.6,18.9,0
2022-02-07,18.9,21.08,18.18,20.44,0
2022-02-08,20.44,20.94,19.56,19.69,0
2022-02-09,19.69,19.69,17.89,18.56,0
2022-02-10,18.56,18.93,16.8,17.71,0
2022-02-11,17.71,19.53,16.86,18.68,0
2022-02-14,18.68,23.54,18.68,22.98,0
2022-02-15,22.98,23.14,20.44,20.61,0
2022-02-16,20.61,21.02,19.35,20.59,0
2022-02-17,20.59,22.37,19.46,22.01,0
2022-02-18,22.01,23.21,21.64,22.17,0
2022-02-21,22.17,23.76,20.57,22.9,0
2022-02-22,22.9,27.82,22.9,26.66,0
2022-02-23,26.66,26.66,23.91,24.54,0
2022-02-24,24.54,33.97,24.54,31.98,0
2022-02-25,31.98,31.98,26.15,26.74,0
2022-02-28,26.74,29.79,26.74,28.57,0
2022-03-02,28.57,30.84,28.57,29.23,0
2022-03-03,29.23,29.23,27.22,28.16,0
2022-03-04,28.16,29.93,27.22,27.96,0
2022-03-07,27.96,30.28,27.96,29.33,0
2022-03-08,29.33,30.06,27.11,28.59,0
2022-03-09,28.59,28.59,27.31,27.47,0
2022-03-10,27.47,27.47,22.96,25.58,0
2022-03-11,25.58,25.87,24.58,25.35,0
2022-03-14,25.35,26.21,25.09,25.68,0
2022-03-15,25.68,27.54,23.66,26.73,0
2022-03-16,26.73,26.73,24.01,24.12,0
2022-03-17,24.12,24.12,20.77,22.61,0
2022-03-21,22.61,24.71,22.61,24.62,0
2022-03-22,24.62,25.16,23.76,24.07,0
2022-03-23,24.07,24.98,20.46,24.75,0
2022-03-24,24.75,25.53,23.81,23.93,0
2022-03-25,23.93,24.27,22.91,23.43,0
2022-03-28,23.43,24.21,19.59,22.61,0
2022-03-29,22.61,22.61,21.1,21.3,0
2022-03-30,21.3,21.3,19.73,20.61,0
2022-03-31,20.61,20.94,20.21,20.56,0
2022-04-01,20.56,20.86,18.12,18.44,0
2022-04-04,18.44,18.83,17.59,17.91,0
2022-04-05,17.91,18.63,16.79,18.49,0
2022-04-06,18.49,19.28,16.81,19.02,0
2022-04-07,19.02,19.49,17.72,19.0,0
2022-04-08,19.0,20.09,17.53,17.69,0
2022-04-11,17.69,19.15,16.64,18.27,0
2022-04-12,18.27,18.67,15.09,18.16,0
2022-04-13,18.16,18.4,16.19,17.79,0
2022-04-18,17.79,20.48,17.79,19.34,0
2022-04-19,19.34,20.81,14.63,19.78,0
2022-04-20,19.78,20.27,17.84,18.67,0
2022-04-21,18.67,18.67,13.35,17.85,0
2022-04-22,17.85,18.76,17.81,18.35,0
2022-04-25,18.35,21.76,18.35,21.26,0
2022-04-26,21.26,21.26,19.01,19.19,0
2022-04-27,19.19,21.37,19.19,20.61,0
2022-04-28,20.61,20.61,19.02,19.38,0
2022-04-29,19.38,19.65,18.21,19.42,0
2022-05-02,19.42,21.06,19.42,20.28,0
2022-05-04,20.28,22.39,18.43,21.88,0
2022-05-05,21.88,21.88,19.62,20.29,0
2022-05-06,20.29,21.81,19.33,21.25,0
2022-05-09,21.25,22.52,18.96,22.03,0
2022-05-10,22.03,22.52,21.22,22.3,0
2022-05-11,22.3,24.19,20.48,22.8,0
2022-05-12,22.8,25.32,21.15,24.27,0
2022-05-13,24.27,24.27,20.97,23.49,0
2022-05-16,23.49,24.71,21.28,24.53,0
2022-05-17,24.53,24.84,17.1,22.74,0
2022-05-18,22.74,23.06,21.34,22.3,0
2022-05-19,22.3,25.15,22.3,24.56,0
2022-05-20,24.56,24.56,22.44,23.1,0
2022-05-23,23.1,23.98,20.5,23.4,0
2022-05-24,23.4,25.99,23.16,25.64,0
2022-05-25,25.64,25.64,24.36,25.28,0
2022-05-26,25.28,25.28,22.54,22.72,0
2022-05-27,22.72,22.72,21.2,21.48,0
2022-05-30,21.48,21.48,19.72,19.98,0
2022-05-31,19.98,20.75,19.68,20.48,0
2022-06-01,20.48,21.34,18.23,20.85,0
2022-06-02,20.85,21.0,18.38,20.32,0
2022-06-03,20.32,20.32,18.74,19.98,0
2022-06-06,19.98,20.68,18.65,20.2,0
2022-06-07,20.2,21.07,19.43,20.43,0
2022-06-08,20.43,20.69,19.39,19.84,0
2022-06-09,19.84,19.84,18.16,19.14,0
2022-06-10,19.14,19.76,18.26,19.58,0
2022-06-13,19.58,22.8,19.58,22.37,0
2022-06-14,22.37,22.64,18.95,21.89,0
2022-06-15,21.89,22.37,20.95,22.15,0
2022-06-16,22.15,28.13,19.75,22.87,0
2022-06-17,22.87,23.69,18.02,22.76,0
2022-06-20,22.76,23.64,16.0,22.41,0
2022-06-21,22.41,22.41,20.48,21.14,0
2022-06-22,21.14,21.79,19.32,21.3,0
2022-06-23,21.3,21.71,18.36,20.88,0
2022-06-24,20.88,21.27,18.68,20.55,0
2022-06-27,20.55,21.12,19.55,21.01,0
2022-06-28,21.01,21.68,20.51,21.45,0
2022-06-29,21.45,22.09,21.45,21.9,0
2022-06-30,21.9,22.27,21.54,21.84,0
2022-07-01,21.84,22.43,21.14,21.25,0
2022-07-04,21.25,22.25,20.92,20.97,0
2022-07-05,20.97,20.99,20.24,20.79,0
2022-07-06,20.79,20.79,19.82,20.27,0
2022-07-07,20.27,20.27,19.01,19.2,0
2022-07-08,19.2,19.2,18.22,18.4,0
2022-07-11,18.4,19.22,16.65,18.37,0
2022-07-12,18.37,18.64,17.3,18.55,0
2022-07-13,18.55,18.76,17.74,18.52,0
2022-07-14,18.52,18.69,17.75,18.34,0
2022-07-15,18.34,18.34,17.53,17.6,0
2022-07-18,17.6,18.18,16.47,17.16,0
2022-07-19,17.16,17.67,16.35,17.2,0
2022-07-20,17.2,17.27,15.66,16.82,0
2022-07-21,16.82,17.21,15.97,16.86,0
2022-07-22,16.86,16.96,16.16,16.65,0
2022-07-25,16.65,17.91,16.18,17.68,0
2022-07-26,17.68,18.27,17.36,18.17,0
2022-07-27,18.17,18.64,17.75,18.13,0
2022-07-28,18.13,18.13,16.84,17.01,0
2022-07-29,17.01,18.65,16.49,16.55,0
2022-08-01,16.55,17.63,15.89,17.49,0
2022-08-02,17.49,18.76,17.49,18.53,0
2022-08-03,18.53,19.17,17.95,18.45,0
2022-08-04,18.45,21.06,17.63,19.26,0
2022-08-05,19.26,19.39,18.01,18.92,0
2022-08-08,18.91,20.18,17.78,19.24,0
2022-08-10,19.3,20.77,18.86,19.61,0
2022-08-11,18.73,19.23,18.2,18.36,0
2022-08-12,17.72,18.53,17.41,17.61,0
2022-08-16,18.32,18.36,17.54,17.69,0
2022-08-17,16.55,17.79,16.55,17.68,0
2022-08-18,16.72,18.44,16.72,17.35,0
2022-08-19,16.88,18.57,16.88,18.29,0
2022-08-22,17.2,19.3,17.2,19.04,0
2022-08-23,18.81,19.59,18.18,19.05,0
2022-08-24,17.99,19.34,17.99,18.43,0
2022-08-25,17.49,20.22,17.28,19.57,0
2022-08-26,15.83,19.13,15.83,18.22,0
2022-08-29,20.58,21.21,19.48,19.82,0
2022-08-30,18.98,19.26,18.49,18.7,0
2022-09-01,18.47,20.99,18.42,19.87,0
2022-09-02,17.4,20.14,17.4,19.55,0
2022-09-05,20.2,20.29,19.45,19.66,0
2022-09-06,18.65,20.0,18.65,19.53,0
2022-09-07,18.31,20.18,18.28,19.37,0
2022-09-08,17.41,19.08,17.3,18.31,0
2022-09-09,16.55,18.51,16.55,17.72,0
2022-09-12,16.39,18.38,16.39,17.94,0
2022-09-13,16.86,17.79,16.86,17.47,0
2022-09-14,17.52,18.57,17.26,18.28,0
2022-09-15,16.78,19.22,16.78,18.39,0
2022-09-16,18.32,20.24,18.3,19.82,0
2022-09-19,16.47,21.21,16.47,19.94,0
2022-09-20,18.11,19.44,18.11,18.8,0
2022-09-21,18.31,20.29,18.31,19.33,0
2022-09-22,17.41,20.14,17.41,18.82,0
2022-09-23,17.35,20.81,17.35,20.59,0
2022-09-26,18.81,22.9,18.81,21.89,0
2022-09-27,20.92,22.29,20.79,21.57,0
2022-09-28,21.6,22.36,21.49,22.1,0
2022-09-29,21.72,22.29,21.07,21.3,0
2022-09-30,21.21,21.99,19.7,19.97,0
2022-10-03,20.81,21.68,20.74,21.37,0
2022-10-04,20.09,20.39,19.45,19.57,0
2022-10-06,18.59,20.02,18.59,19.32,0
2022-10-07,18.69,19.73,18.69,18.81,0
2022-10-10,20.26,20.34,19.53,19.62,0
2022-10-11,19.51,20.82,19.09,20.49,0
2022-10-12,19.89,20.89,19.89,20.18,0
2022-10-13,18.4,20.94,18.4,20.29,0
2022-10-14,20.63,20.63,18.08,18.26,0
2022-10-17,18.66,19.08,18.36,18.42,0
2022-10-18,16.76,18.05,16.58,17.45,0
2022-10-19,16.23,17.56,16.23,17.49,0
2022-10-20,15.57,17.75,15.57,17.23,0
2022-10-21,16.76,17.43,16.59,17.28,0
2022-10-24,17.28,17.28,17.28,17.28,0
2022-10-25,17.38,17.62,16.49,16.88,0
2022-10-27,16.88,17.07,14.79,16.6,0
2022-10-28,16.12,17.04,15.85,15.92,0
2022-10-31,15.07,16.63,15.07,15.8,0
2022-11-01,15.11,16.2,15.11,16.13,0
2022-11-02,14.73,16.86,14.68,16.66,0
2022-11-03,15.14,16.73,14.99,15.94,0
2022-11-04,15.64,16.21,15.48,15.66,0
2022-11-07,15.28,16.36,15.28,15.59,0
2022-11-09,15.32,16.07,15.02,15.92,0
2022-11-10,16.12,16.29,15.49,15.57,0
2022-11-11,14.3,15.0,14.28,14.41,0
2022-11-14,12.66,15.27,12.56,14.91,0
2022-11-15,13.83,15.02,13.83,14.64,0
2022-11-16,13.93,15.53,13.93,15.1,0
2022-11-17,13.09,16.26,13.09,14.88,0
2022-11-18,13.86,15.69,13.86,14.39,0
2022-11-21,14.02,15.55,13.36,14.8,0
2022-11-22,13.69,16.27,13.32,13.84,0
2022-11-23,11.88,14.33,11.88,14.04,0
2022-11-24,13.47,13.87,13.0,13.48,0
2022-11-25,15.77,15.77,12.77,13.33,0
2022-11-28,12.55,14.06,12.41,13.57,0
2022-11-29,12.41,14.62,12.41,13.62,0
2022-11-30,12.75,14.05,12.75,13.81,0
2022-12-01,13.96,14.23,12.99,13.36,0
2022-12-02,12.96,14.09,12.96,13.45,0
2022-12-05,14.17,14.42,13.57,13.73,0
2022-12-06,12.18,14.25,12.18,14.04,0
2022-12-07,13.8,14.46,13.8,14.08,0
2022-12-08,13.36,14.89,13.26,13.4,0
2022-12-09,11.91,13.96,11.91,13.48,0
2022-12-12,12.53,14.15,12.53,13.32,0
2022-12-13,11.43,13.58,11.43,12.88,0
2022-12-14,11.53,13.08,11.53,12.89,0
2022-12-15,12.59,13.88,12.59,13.73,0
2022-12-16,12.49,14.22,12.49,14.07,0
2022-12-19,14.25,14.49,13.5,13.55,0
2022-12-20,13.04,14.92,13.04,13.78,0
2022-12-21,12.46,16.01,12.46,15.56,0
2022-12-22,16.0,16.1,14.94,15.19,0
2022-12-23,14.67,16.48,14.48,16.16,0
2022-12-26,14.31,17.23,14.31,15.93,0
2022-12-27,14.95,16.13,14.93,15.29,0
2022-12-28,15.28,15.65,15.27,15.4,0
2022-12-29,15.71,15.77,14.71,14.81,0
2022-12-30,14.61,15.12,14.28,14.87,0
2023-01-02,15.01,15.45,14.57,14.69,0
2023-01-04,14.71,15.68,14.33,15.2,0
2023-01-05,15.2,15.6,14.81,14.98,0
2023-01-06,14.95,15.44,14.62,15.03,0
2023-01-09,14.53,15.38,14.53,14.65,0
2023-01-10,14.56,15.94,14.56,15.51,0
2023-01-11,15.12,16.23,15.12,15.44,0
2023-01-12,14.42,16.04,14.42,15.28,0
2023-01-13,15.03,15.6,14.4,14.46,0
2023-01-16,14.8,15.36,14.72,15.02,0
2023-01-17,13.84,15.31,13.84,14.59,0
2023-01-18,12.47,14.75,12.47,14.37,0
2023-01-19,14.57,14.83,13.89,13.96,0
2023-01-20,11.64,14.19,11.64,13.79,0
2023-01-23,14.17,14.26,13.48,13.62,0
2023-01-24,13.3,13.81,13.3,13.66,0
2023-01-25,13.52,15.42,13.52,14.66,0
2023-01-27,14.58,18.01,14.58,17.32,0
2023-01-30,17.29,19.39,17.29,17.71,0
2023-01-31,17.12,18.37,16.57,16.88,0
2023-02-01,15.33,18.54,14.85,16.78,0
2023-02-02,16.93,17.77,15.51,15.73,0
2023-02-03,15.73,15.76,14.27,14.4,0
2023-02-06,14.99,15.21,14.57,14.69,0
2023-02-07,13.67,14.88,13.67,14.13,0
2023-02-08,13.98,14.25,13.54,13.6,0
2023-02-09,12.1,13.82,12.06,13.04,0
2023-02-10,12.25,13.28,12.21,12.75,0
2023-02-13,11.83,14.1,11.83,13.68,0
2023-02-14,13.38,13.55,13.28,13.45,0
2023-02-15,11.28,13.2,11.28,12.86,0
2023-02-16,10.17,13.16,10.17,12.89,0
2023-02-17,10.8,13.52,10.8,13.09,0
2023-02-20,13.37,13.71,13.06,13.38,0
2023-02-21,13.71,14.3,13.6,14.01,0
2023-02-22,12.38,15.92,12.38,15.59,0
2023-02-23,15.19,16.01,14.52,15.08,0
2023-02-24,14.9,15.14,14.01,14.19,0
2023-02-27,14.3,15.1,13.75,13.88,0
2023-02-28,13.51,14.57,13.5,14.02,0
2023-03-01,12.28,13.64,12.28,13.0,0
2023-03-02,11.1,13.55,11.1,12.97,0
2023-03-03,12.57,12.58,11.98,12.18,0
2023-03-06,12.17,12.47,11.84,12.27,0
2023-03-08,12.27,12.85,11.9,12.45,0
2023-03-09,12.45,12.84,11.78,12.73,0
2023-03-10,12.73,13.82,12.73,13.41,0
2023-03-13,13.41,16.43,13.41,16.22,0
2023-03-14,16.22,16.64,15.0,16.22,0
2023-03-15,16.22,16.51,14.52,16.3,0
2023-03-16,16.3,17.36,13.95,16.22,0
2023-03-17,16.22,16.22,14.6,14.77,0
2023-03-20,14.77,17.22,14.52,16.01,0
2023-03-21,16.01,16.04,14.08,15.08,0
2023-03-22,15.08,15.09,14.24,14.81,0
2023-03-23,14.81,15.06,13.9,14.49,0
2023-03-24,14.49,15.43,14.2,15.24,0
2023-03-27,15.24,16.09,15.1,15.45,0
2023-03-28,15.45,15.61,14.87,15.1,0
2023-03-29,15.1,15.1,13.32,13.63,0
2023-03-31,13.63,13.63,12.07,12.94,0
2023-04-03,12.94,13.49,12.47,12.59,0
2023-04-05,12.59,12.81,12.05,12.41,0
2023-04-06,12.41,12.57,11.65,11.8,0
2023-04-10,11.8,12.56,11.8,12.27,0
2023-04-11,12.27,12.27,11.67,11.98,0
2023-04-12,11.98,12.4,11.98,12.27,0
2023-04-13,12.27,12.51,11.84,11.91,0
2023-04-17,11.91,13.27,11.91,12.27,0
2023-04-18,12.27,12.53,11.86,12.08,0
2023-04-19,12.08,12.47,11.11,12.15,0
2023-04-20,12.15,12.4,11.58,11.94,0
2023-04-21,11.94,12.04,11.52,11.63,0
2023-04-24,11.63,12.21,11.58,11.67,0
2023-04-25,11.67,11.81,11.43,11.52,0
2023-04-26,11.52,11.9,11.3,11.65,0
2023-04-27,11.65,12.02,10.96,11.43,0
2023-04-28,11.43,11.54,10.79,10.95,0
2023-05-02,10.95,12.06,10.95,11.9,0
2023-05-03,11.9,12.25,11.13,11.84,0
2023-05-04,11.84,12.03,11.19,11.73,0
2023-05-05,11.73,12.38,11.53,12.3,0
2023-05-08,12.3,12.91,11.72,12.55,0
2023-05-09,12.64,12.82,11.66,12.73,0
2023-05-10,12.68,13.3,11.54,13.08,0
2023-05-11,13.08,13.74,12.82,13.22,0
2023-05-12,13.22,13.51,12.74,12.85,0
2023-05-15,12.85,13.62,12.54,13.17,0
2023-05-16,13.17,13.49,11.71,13.29,0
2023-05-17,13.29,13.58,11.9,13.11,0
2023-05-18,13.11,13.11,11.14,12.8,0
2023-05-19,12.8,12.82,11.69,12.3,0
2023-05-22,12.3,12.82,11.56,12.57,0
2023-05-23,12.57,13.08,12.32,12.61,0
2023-05-24,12.61,13.44,12.41,13.11,0
2023-05-25,13.11,13.13,8.18,12.52,0
2023-05-26,12.52,12.86,11.7,11.9,0
2023-05-29,11.9,12.49,8.81,12.3,0
2023-05-30,12.3,12.38,11.77,12.01,0
2023-05-31,12.01,12.47,11.58,11.97,0
2023-06-01,11.97,11.97,11.22,11.6,0
2023-06-02,11.6,11.74,10.86,11.13,0
2023-06-05,11.13,11.34,10.32,11.14,0
2023-06-06,11.14,11.62,10.47,11.38,0
2023-06-07,11.38,11.54,9.64,11.44,0
2023-06-08,11.44,11.57,10.13,11.26,0
2023-06-09,11.26,11.3,10.31,11.12,0
2023-06-12,11.12,11.8,10.58,11.25,0
2023-06-13,11.25,11.25,9.99,11.11,0
2023-06-14,11.11,11.37,10.63,11.16,0
2023-06-15,11.16,11.37,9.69,11.08,0
2023-06-16,11.08,11.08,10.56,10.74,0
2023-06-19,10.84,11.5,10.33,11.16,0
2023-06-20,11.23,11.44,10.57,11.05,0
2023-06-21,11.13,11.43,10.77,11.29,0
2023-06-22,11.29,11.71,10.69,11.46,0
2023-06-23,11.55,11.84,11.14,11.22,0
2023-06-26,11.24,11.93,11.24,11.31,0
2023-06-27,11.4,11.42,10.69,10.73,0
2023-06-28,10.78,11.54,10.65,10.78,0
2023-06-30,10.89,11.22,10.07,11.0,0
2023-07-03,10.8,12.03,10.8,11.59,0
2023-07-04,11.54,11.99,11.52,11.7,0
2023-07-05,11.7,12.21,11.57,11.9,0
2023-07-06,11.88,12.21,11.78,11.82,0
2023-07-07,11.84,12.07,11.08,11.5,0
2023-07-10,11.53,12.01,11.36,11.39,0
2023-07-11,11.46,11.46,10.95,10.97,0
2023-07-12,11.01,11.2,10.72,11.02,0
2023-07-13,10.94,11.17,10.7,10.83,0
2023-07-14,10.94,10.94,10.61,10.8,0
2023-07-17,10.68,11.4,9.86,11.37,0
2023-07-18,11.32,12.02,11.07,11.63,0
2023-07-19,11.71,11.94,11.54,11.6,0
2023-07-20,11.6,12.26,11.37,11.68,0
2023-07-21,11.79,12.03,11.06,11.37,0
2023-07-24,11.49,12.0,10.54,11.58,0
2023-07-25,11.65,11.65,10.11,10.18,0
2023-07-26,10.24,10.86,10.22,10.56,0
2023-07-27,10.46,10.98,9.89,10.35,0
2023-07-28,10.51,10.81,10.04,10.21,0
2023-07-31,10.14,11.19,10.14,10.44,0
2023-08-01,10.41,10.7,10.2,10.24,0
2023-08-02,10.28,11.81,9.95,11.27,0
2023-08-03,11.28,11.96,10.98,11.09,0
2023-08-04,11.19,11.19,10.48,10.56,0
2023-08-07,10.57,11.42,10.4,11.1,0
2023-08-08,11.1,11.53,11.1,11.35,0
2023-08-09,11.33,11.77,10.49,11.22,0
2023-08-10,11.14,11.91,10.63,11.49,0
2023-08-11,11.4,11.87,11.36,11.56,0
2023-08-14,11.52,12.76,10.48,11.99,0
2023-08-16,12.0,12.68,12.0,12.18,0
2023-08-17,12.13,12.67,12.11,12.26,0
2023-08-18,12.24,12.49,10.79,12.25,0
2023-08-21,12.14,12.59,11.17,11.98,0
2023-08-22,11.96,12.09,11.59,11.73,0
2023-08-23,11.75,11.89,10.31,11.68,0
2023-08-24,11.73,12.24,10.2,11.83,0
2023-08-25,11.7,12.23,9.98,12.23,0
2023-08-28,12.08,12.72,9.5,12.41,0
2023-08-29,12.4,12.46,10.65,12.09,0
2023-08-30,12.23,12.24,11.46,11.87,0
2023-08-31,11.8,12.28,11.76,12.06,0
2023-09-01,12.06,12.18,10.41,11.37,0
2023-09-04,11.37,11.54,10.86,10.96,0
2023-09-05,10.96,11.09,9.37,10.82,0
2023-09-06,10.82,10.98,9.81,10.68,0
2023-09-07,10.68,11.03,9.8,10.87,0
2023-09-08,10.87,10.97,10.08,10.78,0
2023-09-11,10.78,11.5,10.34,11.35,0
2023-09-12,11.35,12.02,10.71,11.69,0
2023-09-13,11.69,12.05,11.54,11.83,0
2023-09-14,11.83,12.04,11.21,11.32,0
2023-09-15,11.32,11.32,10.07,10.9,0
2023-09-18,10.9,11.41,10.45,10.84,0
2023-09-20,10.84,11.47,10.84,11.13,0
2023-09-21,11.13,11.39,10.62,10.82,0
2023-09-22,10.82,11.07,10.39,10.66,0
2023-09-25,10.66,11.31,10.27,10.9,0
2023-09-26,10.9,11.29,9.25,11.19,0
2023-09-27,11.19,11.82,9.39,11.59,0
2023-09-28,11.59,13.02,9.4,12.82,0
2023-09-29,12.82,12.82,11.31,11.45,0
2023-10-03,11.45,12.41,10.78,11.79,0
2023-10-04,11.79,12.22,11.12,11.66,0
2023-10-05,11.66,11.66,10.84,10.94,0
2023-10-06,10.94,10.94,9.73,10.3,0
2023-10-09,10.3,11.63,10.12,11.4,0
2023-10-10,11.4,11.4,10.86,11.27,0
2023-10-11,11.27,11.32,10.39,10.99,0
2023-10-12,10.99,11.12,10.57,10.62,0
2023-10-13,10.62,11.03,10.4,10.62,0
2023-10-16,10.62,11.15,9.15,11.07,0
2023-10-17,11.07,11.07,10.43,10.7,0
2023-10-18,10.7,11.17,10.49,10.97,0
2023-10-19,10.97,11.21,10.05,10.9,0
2023-10-20,10.9,11.09,10.08,10.82,0
2023-10-23,10.82,11.36,8.83,10.91,0
2023-10-25,10.91,12.18,9.97,11.31,0
2023-10-26,11.31,12.7,11.31,11.73,0
2023-10-27,11.73,12.31,10.67,10.91,0
2023-10-30,10.91,12.19,10.91,11.49,0
2023-10-31,11.49,12.29,11.26,11.83,0
2023-11-01,11.83,12.2,11.83,12.05,0
2023-11-02,12.05,12.05,10.95,11.08,0
2023-11-03,11.08,11.08,10.64,10.88,0
2023-11-06,10.88,11.28,10.38,11.11,0
2023-11-07,11.11,12.18,11.0,11.19,0
2023-11-08,11.19,11.33,10.63,11.04,0
2023-11-09,11.04,11.25,10.37,10.98,0
2023-11-10,10.98,11.36,9.86,11.11,0
2023-11-12,11.11,11.54,9.75,11.35,0
2023-11-13,11.35,11.63,10.5,11.19,0
2023-11-15,11.19,11.42,8.4,11.14,0
2023-11-16,11.14,11.81,10.62,11.65,0
2023-11-17,11.65,12.09,10.19,11.83,0
2023-11-20,11.83,12.67,11.2,12.15,0
2023-11-21,12.15,12.44,10.76,12.23,0
2023-11-22,12.23,12.71,11.02,11.87,0
2023-11-23,11.87,12.14,10.98,11.32,0
2023-11-24,11.32,11.47,8.68,11.33,0
2023-11-28,11.33,12.49,11.07,12.18,0
2023-11-29,12.18,14.46,11.33,12.71,0
2023-11-30,12.71,13.35,11.76,12.69,0
2023-12-01,12.69,12.76,11.78,12.38,0
2023-12-04,12.38,13.16,11.34,12.99,0
2023-12-05,12.99,13.88,11.48,13.46,0
2023-12-06,13.46,14.09,12.69,13.74,0
2023-12-07,13.74,13.74,12.55,12.67,0
2023-12-08,12.67,12.88,12.14,12.47,0
2023-12-11,12.47,13.12,12.23,12.76,0
2023-12-12,12.76,12.87,11.69,12.71,0
2023-12-13,12.71,12.82,11.54,12.07,0
2023-12-14,12.07,12.51,11.0,12.32,0
2023-12-15,12.32,13.34,10.8,13.13,0
2023-12-18,13.13,14.12,13.13,13.9,0
2023-12-19,13.9,14.12,13.55,13.87,0
2023-12-20,13.87,14.87,12.78,14.45,0
2023-12-21,14.45,15.01,12.28,13.76,0
2023-12-22,13.76,13.99,12.23,13.71,0
2023-12-26,13.71,14.95,13.71,14.68,0
2023-12-27,14.68,15.73,14.47,15.56,0
2023-12-28,15.56,16.47,14.96,15.14,0
2023-12-29,15.14,15.43,14.37,14.5,0
2024-01-01,14.5,14.87,14.33,14.68,0
2024-01-02,14.68,15.08,14.24,14.58,0
2024-01-03,14.58,14.78,14.02,14.1,0
2024-01-05,13.33,13.47,12.49,12.63,0
2024-01-08,12.63,13.6,12.63,13.46,0
2024-01-09,13.46,13.51,12.78,13.26,0
2024-01-10,13.26,14.56,12.81,12.97,0
2024-01-11,12.97,13.19,12.63,12.77,0
2024-01-12,12.77,13.29,12.42,13.1,0
2024-01-15,13.1,13.89,11.79,13.79,0
2024-01-16,13.79,14.04,12.49,13.57,0
2024-01-17,13.57,15.23,12.72,15.08,0
2024-01-18,15.08,15.71,12.98,14.07,0
2024-01-19,14.07,14.11,13.68,13.88,0
2024-01-20,13.88,14.25,13.1,13.8,0
2024-01-23,13.8,15.41,12.2,14.85,0
2024-01-24,14.85,15.65,14.03,14.38,0
2024-01-25,14.38,15.34,13.36,13.87,0
2024-01-29,13.87,15.85,13.8,15.68,0
2024-01-30,15.68,16.58,14.99,16.1,0
2024-01-31,16.1,16.53,15.8,16.05,0
2024-02-01,16.05,16.11,14.36,14.46,0
2024-02-02,14.46,15.13,14.03,14.7,0
2024-02-05,14.7,16.05,14.7,15.62,0
2024-02-06,15.62,15.98,15.09,15.79,0
2024-02-07,15.79,16.02,14.74,15.51,0
2024-02-08,15.51,16.03,15.24,15.83,0
2024-02-09,15.83,16.33,15.27,15.45,0
2024-02-12,15.45,16.54,15.45,16.06,0
2024-02-13,16.06,16.57,15.75,15.81,0
2024-02-14,15.81,16.2,15.34,15.44,0
2024-02-15,15.44,15.66,15.11,15.23,0
2024-02-16,15.23,15.55,14.9,15.22,0
2024-02-19,15.22,16.12,13.7,16.02,0
2024-02-20,16.02,16.36,14.21,16.07,0
2024-02-21,16.07,16.31,15.68,15.93,0
2024-02-22,15.93,16.15,15.13,15.2,0
2024-02-23,15.2,15.44,14.84,14.97,0
2024-02-26,14.97,15.96,13.76,15.6,0
2024-02-27,15.6,16.0,15.53,15.73,0
2024-02-28,15.73,16.74,15.31,16.33,0
2024-02-29,16.33,16.55,15.37,15.57,0
2024-03-01,15.57,15.64,15.0,15.24,0
2024-03-02,15.24,15.42,13.53,14.99,0
2024-03-04,14.99,15.3,14.82,14.92,0
2024-03-05,14.92,15.17,14.18,14.38,0
2024-03-06,14.38,14.71,13.91,14.3,0
2024-03-07,14.3,14.43,13.56,13.61,0
2024-03-11,13.61,14.55,13.61,14.0,0
2024-03-12,14.0,14.2,13.58,13.64,0
2024-03-13,13.64,15.01,13.53,14.43,0
2024-03-14,14.43,14.68,13.52,13.62,0
2024-03-15,13.62,14.33,13.59,13.69,0
2024-03-18,13.69,14.62,13.69,13.9,0
2024-03-19,13.9,14.45,13.88,14.11,0
2024-03-20,14.11,14.28,13.09,13.47,0
2024-03-21,13.47,13.47,12.34,12.51,0
2024-03-22,12.51,13.05,11.81,12.22,0
2024-03-26,12.22,13.1,12.09,12.82,0
2024-03-27,12.82,13.01,12.53,12.7,0
2024-03-28,12.7,13.18,12.26,12.83,0
2024-04-01,12.83,13.36,12.01,12.08,0
2024-04-02,12.08,12.31,11.6,11.65,0
2024-04-03,11.65,11.83,11.31,11.37,0
2024-04-04,11.37,11.84,10.86,11.22,0
2024-04-05,11.22,11.68,11.04,11.34,0
2024-04-08,11.34,11.74,11.13,11.61,0
2024-04-09,11.61,11.61,10.62,11.36,0
2024-04-10,11.36,11.36,10.99,11.11,0
2024-04-12,11.11,11.61,11.11,11.53,0
2024-04-15,11.53,12.74,11.31,12.47,0
2024-04-16,12.47,12.93,12.34,12.62,0
2024-04-18,12.62,13.39,12.03,13.04,0
2024-04-19,13.04,14.41,11.92,13.46,0
2024-04-22,13.46,13.46,12.61,12.7,0
2024-04-23,12.7,12.7,9.86,10.2,0
2024-04-24,10.2,11.13,9.95,10.28,0
2024-04-25,10.28,11.46,10.26,10.73,0
2024-04-26,10.73,11.32,10.59,10.93,0
2024-04-29,10.93,12.49,10.93,12.24,0
2024-04-30,12.24,13.21,12.24,12.87,0
2024-05-02,12.87,13.95,12.87,13.45,0
2024-05-03,13.45,15.31,13.45,14.62,0
2024-05-06,14.62,16.96,14.62,16.6,0
2024-05-07,16.6,17.64,16.6,17.01,0
2024-05-08,17.01,18.32,16.46,17.08,0
2024-05-09,17.08,19.17,17.08,18.2,0
2024-05-10,18.2,19.01,18.0,18.47,0
2024-05-13,18.47,21.49,18.47,20.6,0
2024-05-14,20.6,21.88,20.11,20.2,0
2024-05-15,20.2,20.66,19.87,20.27,0
2024-05-16,20.27,21.11,18.97,20.0,0
2024-05-17,20.0,20.37,18.98,19.8,0
2024-05-18,19.8,20.95,17.34,20.65,0
2024-05-21,20.53,22.3,20.53,21.81,0
2024-05-22,21.81,22.29,18.19,21.47,0
2024-05-23,21.47,24.22,18.84,21.38,0
2024-05-24,21.38,21.9,20.59,21.71,0
2024-05-27,21.71,26.2,18.44,23.19,0
2024-05-28,23.19,24.48,22.03,24.2,0
2024-05-29,24.2,24.77,23.55,24.18,0
2024-05-30,24.18,24.52,22.75,24.18,0
2024-05-31,24.18,24.81,22.6,24.6,0
2024-06-03,24.6,24.6,19.12,20.94,0
2024-06-04,20.94,31.71,18.8,26.75,0
2024-06-05,26.75,26.93,18.66,18.89,0
2024-06-06,18.89,18.89,16.56,16.8,0
2024-06-07,16.8,17.15,16.37,16.88,0
2024-06-10,16.88,17.25,16.17,16.4,0
2024-06-11,16.4,16.4,14.68,14.77,0
2024-06-12,14.77,14.77,13.17,14.39,0
2024-06-13,14.39,14.39,13.31,13.49,0
2024-06-14,13.49,13.49,12.66,12.82,0
2024-06-18,12.82,13.42,12.63,12.97,0
2024-06-19,12.97,13.82,11.63,13.71,0
2024-06-20,13.71,14.06,13.1,13.35,0
2024-06-21,13.35,13.59,12.48,13.18,0
2024-06-24,13.18,14.27,13.15,14.06,0
2024-06-25,14.06,14.46,13.84,14.31,0
2024-06-26,14.31,14.55,13.99,14.05,0
2024-06-27,14.05,14.61,13.92,14.15,0
2024-06-28,14.15,14.29,13.69,13.8,0
2024-07-01,13.8,14.23,13.79,13.83,0
2024-07-02,13.83,14.01,13.32,13.64,0
2024-07-03,13.64,13.72,12.87,13.21,0
2024-07-04,13.21,13.21,12.26,12.86,0
2024-07-05,12.86,12.99,12.08,12.7,0
2024-07-08,12.7,13.76,12.7,13.6,0
2024-07-09,13.6,14.4,12.79,14.28,0
2024-07-10,14.28,14.92,13.41,14.43,0
2024-07-11,14.43,14.43,12.68,14.0,0
2024-07-12,14.0,14.05,13.22,13.73,0
2024-07-15,13.73,14.34,13.57,14.19,0
2024-07-16,14.19,14.59,13.8,14.22,0
2024-07-18,14.22,14.71,13.75,14.51,0
2024-07-19,14.51,14.97,12.74,14.83,0
2024-07-22,14.83,15.63,13.12,15.44,0
2024-07-23,15.44,16.07,12.59,12.75,0
2024-07-24,12.75,14.04,11.62,11.76,0
2024-07-25,11.76,13.22,11.28,12.62,0
2024-07-26,12.62,13.14,11.98,12.25,0
2024-07-29,12.25,13.26,12.03,12.95,0
2024-07-30,12.95,13.26,11.72,12.88,0
2024-07-31,12.88,13.39,11.62,13.25,0
2024-08-01,13.25,13.31,11.98,12.93,0
2024-08-02,12.93,14.51,11.69,14.32,0
2024-08-05,14.32,23.15,13.91,20.37,0
2024-08-06,20.37,20.37,14.87,18.74,0
2024-08-07,18.74,18.74,13.72,16.17,0
2024-08-08,16.17,17.23,14.38,16.6,0
2024-08-09,16.6,16.6,13.43,15.34,0
2024-08-12,15.34,16.56,13.4,15.87,0
2024-08-13,15.87,16.38,14.22,16.17,0
2024-08-14,16.17,16.22,13.82,15.44,0
2024-08-16,15.44,15.44,12.95,14.4,0
2024-08-19,14.4,14.83,13.2,14.32,0
2024-08-20,14.32,14.32,11.43,13.82,0
2024-08-21,13.82,14.05,11.82,13.33,0
2024-08-22,13.33,13.78,10.96,13.0,0
2024-08-23,13.0,13.62,10.84,13.55,0
2024-08-26,13.55,13.99,12.01,13.8,0
2024-08-27,13.8,14.01,12.71,13.63,0
2024-08-28,13.63,14.09,12.04,13.95,0
2024-08-29,13.95,14.14,12.48,13.79,0
2024-08-30,13.79,13.91,12.54,13.39,0
2024-09-02,13.39,14.25,12.63,14.06,0
2024-09-03,14.06,14.15,12.69,13.84,0
2024-09-04,13.84,14.56,12.81,14.38,0
2024-09-05,14.38,14.38,13.34,14.21,0
2024-09-06,14.21,15.67,12.35,15.22,0
2024-09-09,15.22,15.56,14.11,14.24,0
2024-09-10,14.24,14.24,12.17,13.36,0
2024-09-11,13.36,13.77,11.33,13.63,0
2024-09-12,13.63,13.63,11.14,13.18,0
2024-09-13,13.18,13.18,12.47,12.55,0
2024-09-16,12.55,12.96,12.31,12.46,0
2024-09-17,12.46,12.75,11.88,12.59,0
2024-09-18,12.59,13.85,12.26,13.37,0
2024-09-19,13.37,13.37,12.1,12.47,0
2024-09-20,12.47,13.11,10.9,12.79,0
2024-09-23,12.79,14.03,12.43,13.79,0
2024-09-24,13.79,14.11,12.74,13.39,0
2024-09-25,13.39,13.61,8.98,12.74,0
2024-09-26,12.74,12.74,11.35,12.0,0
2024-09-27,12.0,12.08,10.5,11.96,0
2024-09-30,11.96,13.24,11.6,12.79,0
2024-10-01,12.79,12.79,11.71,11.99,0
2024-10-03,11.99,13.93,11.69,13.17,0
2024-10-04,13.17,14.48,12.29,14.13,0
2024-10-07,14.13,15.5,13.62,15.08,0
2024-10-08,15.08,15.56,13.88,14.59,0
2024-10-09,14.59,14.59,12.7,14.12,0
2024-10-10,14.12,14.12,11.73,13.5,0
2024-10-11,13.5,13.7,11.54,13.22,0
2024-10-14,13.22,13.74,12.92,13.0,0
2024-10-15,13.0,13.36,10.92,13.0,0
2024-10-16,13.0,13.56,11.44,13.05,0
2024-10-17,13.05,13.47,11.06,13.39,0
2024-10-18,13.39,14.06,12.87,13.04,0
2024-10-21,13.04,14.2,12.55,13.76,0
2024-10-22,13.76,14.52,9.47,14.4,0
2024-10-23,14.4,15.03,11.74,14.62,0
2024-10-24,14.62,14.9,12.7,13.97,0
2024-10-25,13.97,15.08,13.35,14.63,0
2024-10-28,14.63,15.48,13.54,14.29,0
2024-10-29,14.29,15.03,13.56,14.52,0
2024-10-30,14.52,15.7,14.28,15.51,0
2024-10-31,15.51,16.24,14.65,15.55,0
2024-11-01,15.55,16.13,13.63,15.9,0
2024-11-04,15.9,17.6,14.78,16.69,0
2024-11-05,16.69,19.02,15.8,16.12,0
2024-11-06,16.12,20.75,14.71,14.87,0
2024-11-07,14.87,15.52,14.27,14.94,0
2024-11-08,14.94,15.73,14.39,14.47,0
2024-11-11,14.47,15.47,13.12,14.27,0
2024-11-12,14.27,14.84,12.74,14.59,0
2024-11-13,14.59,15.87,13.93,15.44,0
2024-11-14,15.44,15.69,13.41,14.78,0
2024-11-18,14.78,16.58,13.76,15.17,0
2024-11-19,15.17,16.19,12.73,15.66,0
2024-11-21,15.66,16.78,14.84,15.99,0
2024-11-22,15.99,18.67,12.75,16.1,0
2024-11-25,16.1,16.87,13.63,15.3,0
2024-11-26,15.3,16.26,13.87,15.31,0
2024-11-27,15.31,15.31,13.25,14.63,0
2024-11-28,14.63,15.56,14.27,15.21,0
2024-11-29,15.21,15.46,14.33,14.43,0
2024-12-02,14.43,15.08,13.31,14.7,0
2024-12-03,14.7,14.89,14.24,14.37,0
2024-12-04,14.37,14.8,14.11,14.45,0
2024-12-05,14.45,15.71,14.06,14.53,0
2024-12-06,14.53,15.02,14.05,14.14,0
2024-12-09,14.14,14.64,13.45,14.11,0
2024-12-10,14.11,14.67,13.7,13.78,0
2024-12-11,13.78,14.11,13.18,13.27,0
2024-12-12,13.27,13.4,12.95,13.19,0
2024-12-13,13.19,14.72,12.47,13.05,0
2024-12-16,13.05,14.51,13.05,14.02,0
2024-12-17,14.02,14.98,13.18,14.49,0
2024-12-18,14.49,15.24,14.27,14.37,0
2024-12-19,14.37,15.44,13.87,14.51,0
2024-12-20,14.51,15.55,14.4,15.07,0
2024-12-23,15.07,16.88,13.42,13.52,0
2024-12-24,13.52,15.03,12.98,13.18,0
2024-12-26,13.18,14.39,13.08,14.04,0
2024-12-27,14.04,14.24,13.04,13.24,0
2024-12-30,13.24,14.37,13.24,13.97,0
2024-12-31,13.97,14.64,13.97,14.45,0
2025-01-01,14.45,14.84,14.31,14.51,0
2025-01-02,14.51,14.8,13.63,13.74,0
2025-01-03,13.74,13.98,13.23,13.54,0
2025-01-06,13.54,15.92,13.54,15.65,0
2025-01-07,15.65,15.65,14.35,14.66,0
2025-01-08,14.66,14.88,14.1,14.47,0
2025-01-09,14.47,14.89,13.75,14.66,0
2025-01-10,14.66,15.52,14.66,14.92,0
2025-01-13,14.92,16.19,14.45,16.0,0
2025-01-14,16.0,16.0,15.12,15.47,0
2025-01-15,15.47,15.66,15.2,15.26,0
2025-01-16,15.26,15.57,13.96,15.47,0
2025-01-17,15.47,16.38,14.05,15.75,0
2025-01-20,15.75,17.02,15.18,16.42,0
2025-01-21,16.42,17.45,15.2,17.06,0
2025-01-22,17.06,17.3,15.91,16.77,0
2025-01-23,16.77,17.08,15.67,16.7,0
2025-01-24,16.7,17.31,16.12,16.75,0
2025-01-27,16.75,18.52,16.75,18.13,0
2025-01-28,18.13,18.5,16.83,18.2,0
2025-01-29,18.2,19.01,17.29,18.64,0
2025-01-30,18.64,18.99,17.22,17.39,0
2025-01-31,17.39,17.94,16.11,16.25,0
2025-02-01,16.25,16.58,14.01,14.1,0
2025-02-03,14.1,15.11,14.1,14.35,0
2025-02-04,14.35,15.13,13.67,14.02,0
2025-02-05,14.02,14.3,13.5,14.08,0
2025-02-06,14.08,14.64,13.15,14.18,0
2025-02-07,14.18,14.51,13.55,13.69,0
2025-02-10,13.69,14.72,13.69,14.45,0
2025-02-11,14.45,15.43,13.85,14.87,0
2025-02-12,14.87,15.62,14.61,14.9,0
2025-02-13,14.9,15.47,12.2,14.96,0
2025-02-14,14.96,15.68,14.36,15.02,0
2025-02-17,15.02,16.31,14.5,15.72,0
2025-02-18,15.72,16.32,14.78,15.67,0
2025-02-19,15.67,16.02,14.75,15.42,0
2025-02-20,15.42,15.9,14.64,14.68,0
2025-02-21,14.68,15.24,12.08,14.53,0
2025-02-24,14.53,15.58,14.37,14.44,0
2025-02-25,14.44,15.08,13.61,13.72,0
2025-02-27,13.72,14.01,12.91,13.31,0
2025-02-28,13.31,14.12,13.23,13.91,0
2025-03-03,13.91,14.36,13.57,13.76,0
2025-03-04,13.76,14.2,13.37,13.83,0
2025-03-05,13.83,14.13,13.1,13.67,0
2025-03-06,13.67,14.18,13.28,13.73,0
2025-03-07,13.73,13.86,13.33,13.47,0
2025-03-10,13.47,14.21,13.47,13.99,0
2025-03-11,13.99,14.5,13.68,14.07,0
2025-03-12,14.07,14.37,13.64,13.69,0
2025-03-13,13.69,13.93,13.22,13.28,0
2025-03-17,13.28,14.1,13.28,13.42,0
2025-03-18,13.42,13.65,11.34,13.21,0
2025-03-19,13.21,13.57,12.59,13.3,0
2025-03-20,13.3,13.3,12.51,12.6,0
2025-03-21,12.6,12.84,10.7,12.58,0
2025-03-24,12.58,13.95,12.58,13.7,0
2025-03-25,13.7,14.48,13.49,13.64,0
2025-03-26,13.64,13.92,13.31,13.47,0
2025-03-27,13.47,13.85,12.98,13.3,0
2025-03-28,13.3,13.61,12.57,12.72,0
2025-04-01,12.72,14.05,12.72,13.78,0
2025-04-02,13.78,14.14,13.51,13.72,0
2025-04-03,13.72,14.11,13.41,13.6,0
2025-04-04,13.6,14.25,13.4,13.76,0
2025-04-07,13.76,23.19,13.76,22.79,0
2025-04-08,22.79,22.79,19.38,20.44,0
2025-04-09,20.44,21.75,19.7,21.43,0
2025-04-11,21.43,21.43,18.86,20.11,0
2025-04-15,20.11,20.11,15.97,16.13,0
2025-04-16,16.13,16.13,15.12,15.87,0
2025-04-17,15.87,16.46,15.09,15.47,0
2025-04-21,15.47,16.33,14.22,15.52,0
2025-04-22,15.52,16.01,14.54,15.23,0
2025-04-23,15.23,16.52,12.84,15.96,0
2025-04-24,15.96,16.76,15.55,16.25,0
2025-04-25,16.25,17.58,15.92,17.16,0
2025-04-28,17.16,18.07,16.62,16.94,0
2025-04-29,16.94,17.59,16.07,17.37,0
2025-04-30,17.37,18.56,15.99,18.22,0
2025-05-02,18.22,18.86,17.35,18.26,0
2025-05-05,18.26,18.8,18.07,18.34,0
2025-05-06,18.34,19.3,17.99,19.0,0
2025-05-07,19.0,19.73,18.37,19.06,0
2025-05-08,19.06,21.89,18.15,21.01,0
2025-05-09,21.01,22.75,21.0,21.63,0
2025-05-12,21.63,21.63,17.21,18.39,0
2025-05-13,18.39,18.9,17.89,18.2,0
2025-05-14,18.2,19.24,17.08,17.23,0
2025-05-15,17.23,17.67,16.72,16.89,0
2025-05-16,16.89,17.06,16.22,16.55,0
2025-05-19,16.55,17.45,15.83,17.36,0
2025-05-20,17.36,17.66,15.97,17.39,0
2025-05-21,17.39,18.0,17.04,17.55,0
2025-05-22,17.55,18.2,16.71,17.26,0
2025-05-23,17.26,17.52,15.49,17.28,0
2025-05-26,17.28,18.41,16.06,18.02,0
2025-05-27,18.02,19.19,17.42,18.54,0
2025-05-28,18.54,19.04,17.88,18.02,0
2025-05-29,18.02,18.02,16.21,16.42,0
2025-05-30,16.42,16.55,15.29,16.08,0
2025-06-02,16.08,17.73,16.08,17.16,0
2025-06-03,17.16,17.73,16.26,16.56,0
2025-06-04,16.56,17.06,15.63,15.75,0
2025-06-05,15.75,15.93,14.98,15.08,0
2025-06-06,15.08,15.61,14.37,14.63,0
2025-06-09,14.63,15.52,14.63,14.69,0
2025-06-10,14.69,14.74,13.93,14.02,0
2025-06-11,14.02,14.16,13.56,13.67,0
2025-06-12,13.67,14.27,13.13,14.02,0
2025-06-13,14.02,15.98,14.02,15.08,0
2025-06-16,15.08,15.47,14.55,14.84,0
2025-06-17,14.84,15.02,14.3,14.4,0
2025-06-18,14.4,14.82,14.11,14.28,0
2025-06-19,14.28,14.37,13.74,14.26,0
2025-06-20,14.26,14.26,13.32,13.67,0
2025-06-23,13.67,14.52,13.66,14.05,0
2025-06-24,14.05,14.34,13.31,13.64,0
2025-06-25,13.64,13.64,12.9,12.96,0
2025-06-26,12.96,13.33,12.52,12.59,0
2025-06-27,12.59,12.92,12.32,12.39,0
2025-06-30,12.39,13.03,12.39,12.79,0
2025-07-01,12.79,12.99,12.44,12.53,0
2025-07-02,12.53,12.66,12.34,12.45,0
2025-07-03,12.45,12.66,12.19,12.39,0
2025-07-04,12.39,12.7,12.24,12.32,0
2025-07-07,12.32,12.79,11.94,12.56,0
2025-07-08,12.56,12.71,12.06,12.2,0
2025-07-09,12.2,12.36,11.75,11.94,0
2025-07-10,11.94,12.19,11.61,11.67,0
2025-07-11,11.67,12.12,11.54,11.82,0
2025-07-14,11.82,12.42,11.82,11.98,0
2025-07-15,11.98,12.03,11.41,11.48,0
2025-07-16,11.48,11.67,11.2,11.24,0
2025-07-17,11.24,11.54,10.73,11.24,0
2025-07-18,11.24,11.86,9.9,11.39,0
2025-07-21,11.39,11.94,11.09,11.2,0
2025-07-22,11.2,11.23,10.69,10.75,0
2025-07-23,10.75,10.75,10.22,10.52,0
2025-07-24,10.52,11.11,9.87,10.72,0
2025-07-25,10.72,11.58,10.61,11.28,0
2025-07-28,11.28,12.23,10.33,12.06,0
2025-07-29,12.06,12.3,11.4,11.53,0
2025-07-30,11.53,11.78,10.61,11.21,0
2025-07-31,11.21,12.12,11.21,11.54,0
2025-08-01,11.54,12.11,11.4,11.98,0
2025-08-04,11.98,12.63,11.8,11.97,0
2025-08-05,11.97,12.18,11.64,11.71,0
2025-08-06,11.71,12.05,10.66,11.96,0
2025-08-07,11.96,12.31,11.56,11.69,0
2025-08-08,11.69,12.2,10.9,12.03,0
2025-08-11,12.03,12.73,12.03,12.22,0
2025-08-12,12.22,12.42,11.6,12.23,0
2025-08-13,12.23,12.35,10.78,12.14,0
2025-08-14,12.14,12.47,11.47,12.36,0
2025-08-18,12.36,13.47,11.75,12.34,0
2025-08-19,12.34,12.34,11.76,11.79,0
2025-08-20,11.79,11.99,10.19,11.79,0
2025-08-21,11.79,11.89,10.09,11.37,0
2025-08-22,11.37,11.79,10.7,11.73,0
2025-08-25,11.73,12.35,11.55,11.76,0
2025-08-26,11.76,12.55,10.93,12.19,0
2025-08-28,12.19,13.15,11.58,12.18,0
2025-08-29,12.18,12.2,11.59,11.75,0
2025-09-01,11.75,12.2,11.24,11.29,0
2025-09-02,11.29,11.78,10.78,11.4,0
2025-09-03,11.4,11.58,10.85,10.93,0
2025-09-04,10.93,11.24,10.49,10.85,0
2025-09-05,10.85,11.44,9.95,10.78,0
2025-09-08,10.78,11.08,10.42,10.84,0
2025-09-09,10.84,11.45,9.85,10.69,0
2025-09-10,10.69,10.84,10.25,10.54,0
2025-09-11,10.54,10.78,10.18,10.36,0
2025-09-12,10.36,10.36,9.85,10.12,0
2025-09-15,10.12,10.68,9.9,10.4,0
2025-09-16,10.4,10.5,9.76,10.27,0
2025-09-17,10.27,10.36,9.62,10.25,0
2025-09-18,10.25,10.25,9.49,9.89,0
2025-09-19,9.89,10.26,9.4,9.97,0
2025-09-22,9.97,10.73,9.97,10.56,0
2025-09-23,10.56,10.9,9.96,10.63,0
2025-09-24,10.63,10.89,10.11,10.52,0
2025-09-25,10.52,10.9,10.29,10.78,0
2025-09-26,10.78,11.68,10.17,11.43,0
2025-09-29,11.43,11.73,10.62,11.37,0
2025-09-30,11.37,11.79,10.93,11.07,0
2025-10-01,11.07,11.26,10.15,10.29,0
2025-10-03,10.29,10.62,9.95,10.06,0
2025-10-06,10.06,10.54,9.66,10.19,0
2025-10-07,10.19,10.45,10.0,10.05,0
2025-10-08,10.05,10.52,9.69,10.31,0
2025-10-09,10.31,10.57,10.0,10.12,0
2025-10-10,10.12,10.34,9.71,10.1,0
2025-10-13,10.1,11.26,9.78,11.01,0
2025-10-14,11.01,11.67,10.01,11.16,0
2025-10-15,11.16,11.16,10.43,10.53,0
2025-10-16,10.53,11.06,10.38,10.87,0
2025-10-17,10.87,11.81,9.78,11.63,0
2025-10-20,11.63,11.88,10.67,11.36,0
2025-10-21,11.36,11.6,10.7,11.3,0
2025-10-23,11.3,12.05,10.74,11.73,0
2025-10-24,11.73,11.94,11.44,11.59,0
2025-10-27,11.59,12.73,11.28,11.86,0
2025-10-28,11.86,12.64,10.71,11.95,0
2025-10-29,11.95,12.1,11.23,11.97,0
2025-10-30,11.97,12.27,11.71,12.07,0
2025-10-31,12.07,12.29,11.77,12.15,0
2025-11-03,12.15,12.94,11.79,12.67,0
2025-11-04,12.67,12.94,10.98,12.65,0
2025-11-06,12.65,12.87,12.06,12.41,0
2025-11-07,12.41,12.67,11.96,12.56,0
2025-11-10,12.56,12.93,11.41,12.3,0
2025-11-11,12.3,13.01,11.99,12.49,0
2025-11-12,12.49,12.71,11.44,12.11,0
2025-11-13,12.11,12.27,11.23,12.16,0
2025-11-14,12.16,12.45,11.8,11.94,0
2025-11-17,11.94,12.28,10.9,11.79,0
2025-11-18,11.79,12.29,10.94,12.1,0
2025-11-19,12.1,12.38,10.77,11.97,0
2025-11-20,11.97,12.38,11.06,12.14,0
2025-11-21,12.14,13.85,12.14,13.63,0
2025-11-24,13.63,13.63,11.94,13.24,0
2025-11-25,13.24,13.24,10.86,12.24,0
2025-11-26,12.24,12.57,11.59,11.97,0
2025-11-27,11.97,12.24,11.51,11.79,0
2025-11-28,11.79,11.79,10.82,11.62,0
2025-12-01,11.62,12.01,10.9,11.63,0
2025-12-02,11.63,11.94,11.03,11.23,0
2025-12-03,11.23,11.37,10.92,11.21,0
2025-12-04,11.21,11.27,10.58,10.82,0
2025-12-05,10.82,10.87,10.16,10.32,0
2025-12-08,10.32,11.61,10.14,11.13,0
2025-12-09,11.13,11.88,10.46,10.95,0
2025-12-10,10.95,11.42,10.49,10.91,0
2025-12-11,10.91,11.19,10.32,10.4,0
2025-12-12,10.4,10.4,9.96,10.11,0
2025-12-15,10.11,10.84,10.05,10.25,0
2025-12-16,10.25,10.43,9.66,10.06,0
2025-12-17,10.06,10.18,9.48,9.84,0
2025-12-18,9.84,9.95,9.61,9.71,0
2025-12-19,9.71,10.31,9.44,9.52,0
2025-12-22,9.52,9.9,8.86,9.68,0
2025-12-23,9.68,9.79,9.32,9.38,0
2025-12-24,9.38,9.68,8.88,9.19,0
2025-12-26,9.19,9.4,9.02,9.15,0
2025-12-29,9.15,9.77,9.05,9.72,0
2025-12-30,9.72,9.99,9.59,9.68,0
2025-12-31,9.68,9.73,9.31,9.48,0
2026-01-01,9.48,9.48,8.72,9.19,0
2026-01-02,9.19,9.56,8.97,9.45,0
2026-01-06,10.02,10.29,9.65,10.02,0
2026-01-07,10.02,10.24,9.75,9.95,0
2026-01-08,9.95,10.99,9.48,10.6,0
2026-01-09,10.6,11.04,10.22,10.93,0
2026-01-12,10.93,11.95,10.52,11.37,0
2026-01-13,11.37,11.68,10.64,11.2,0
2026-01-14,11.2,11.47,11.01,11.32,0
2026-01-16,11.32,11.58,10.88,11.37,0
2026-01-19,11.37,12.13,10.39,11.83,0
2026-01-20,11.83,12.9,11.0,12.73,0
2026-01-21,12.73,14.43,12.43,13.78,0
2026-01-22,13.78,14.33,12.91,13.35,0
2026-01-23,13.35,14.43,12.28,14.19,0
2026-01-27,14.19,16.06,13.92,14.45,0
2026-01-28,14.45,14.51,13.44,13.53,0
2026-01-29,13.53,14.19,13.07,13.37,0
2026-01-30,13.37,14.23,12.88,13.63,0
2026-02-01,13.63,16.11,13.35,15.1,0
2026-02-02,15.1,15.55,13.58,13.87,0
2026-02-03,13.87,15.47,11.85,12.9,0
2026-02-04,12.9,13.15,12.06,12.25,0
2026-02-05,12.25,12.55,10.94,12.17,0
2026-02-06,12.17,12.35,11.16,11.94,0
2026-02-09,11.94,12.28,10.67,12.19,0
2026-02-10,12.19,12.19,10.36,11.67,0
2026-02-11,11.67,11.71,10.56,11.55,0
2026-02-12,11.55,12.11,10.85,11.73,0
2026-02-13,11.73,13.58,10.96,13.29,0
2026-02-16,13.29,13.83,13.24,13.33,0
2026-02-17,13.33,13.48,11.63,12.67,0
2026-02-18,12.67,12.77,11.35,12.22,0
2026-02-19,12.22,13.68,9.73,13.46,0
2026-02-20,13.46,14.78,13.1,14.36,0
2026-02-23,14.36,14.48,12.77,14.17,0
2026-02-24,14.17,14.95,12.35,14.15,0
2026-02-25,14.15,14.15,12.84,13.49,0
2026-02-26,13.49,13.61,11.81,13.06,0
2026-02-27,13.06,14.04,11.2,13.7,0
2026-03-02,13.7,17.81,12.83,17.13,0
2026-03-04,17.13,21.37,16.97,21.14,0
2026-03-05,21.14,21.14,17.3,17.86,0
2026-03-06,17.86,20.14,17.2,19.88,0
2026-03-09,19.88,24.49,19.22,23.36,0
2026-03-10,23.36,23.36,18.78,18.91,0
2026-03-11,18.91,21.39,17.24,21.06,0
2026-03-12,21.06,22.36,20.82,21.52,0
2026-03-13,21.52,22.88,21.25,22.65,0
2026-03-16,22.65,22.88,19.82,21.6,0
2026-03-17,21.6,21.6,19.63,19.79,0
2026-03-18,19.79,19.79,18.59,18.72,0
2026-03-19,18.72,23.2,18.72,22.8,0
2026-03-20,22.8,23.14,21.69,22.81,0
2026-03-23,22.81,27.17,22.81,26.73,0
2026-03-24,26.73,26.73,24.63,24.74,0
2026-03-25,24.74,25.23,24.14,24.64,0
2026-03-27,24.64,27.09,23.39,26.8,0
2026-03-30,26.8,28.91,26.8,27.89,0
2026-04-01,27.89,27.89,23.65,25.01,0
2026-04-02,25.01,26.6,25.01,25.52,0
2026-04-06,25.52,26.56,25.08,25.47,0
2026-04-07,25.47,26.26,24.55,24.7,0
2026-04-08,24.7,24.7,19.31,19.7,0
2026-04-09,19.7,20.94,19.17,20.43,0
2026-04-10,20.43,20.43,18.37,18.85,0
2026-04-13,18.85,21.51,18.18,20.5,0
2026-04-15,20.5,20.5,17.34,18.67,0
2026-04-16,18.67,18.67,16.83,18.09,0
2026-04-17,18.09,18.47,16.59,17.21,0
2026-04-20,17.21,19.01,16.48,18.79,0
2026-04-21,18.79,18.79,17.45,17.53,0
2026-04-22,17.53,18.73,17.25,18.3,0
2026-04-23,18.3,19.12,17.49,18.59,0
2026-04-24,18.59,19.9,18.06,19.71,0
2026-04-27,19.71,19.71,18.27,18.38,0
2026-04-28,18.38,18.41,17.27,18.05,0
2026-04-29,18.05,18.05,16.75,17.44,0
2026-04-30,17.44,19.48,17.19,18.46,0
2026-05-04,18.46,18.88,16.75,18.3,0
2026-05-05,18.3,18.84,17.71,17.91,0
2026-05-06,17.91,18.08,16.58,16.68,0
2026-05-07,16.68,17.2,15.17,16.62,0
2026-05-08,16.62,17.43,16.16,16.84,0
2026-05-11,16.84,18.97,16.84,18.55,0
2026-05-12,18.55,19.46,17.63,19.28,0
2026-05-13,19.28,20.13,18.36,19.43,0
2026-05-14,19.43,19.43,18.39,18.61,0
2026-05-15,18.61,19.01,17.42,18.79,0
2026-05-18,18.79,20.06,17.72,19.63,0
2026-05-19,19.63,19.63,18.27,18.68,0
2026-05-20,18.68,19.46,18.06,18.44,0
2026-05-21,18.44,18.44,17.43,17.82,0
2026-05-22,17.82,19.03,16.47,17.91,0
2026-05-25,17.91,17.91,16.39,16.7,0
2026-05-26,16.7,16.96,15.36,16.13,0
2026-05-27,16.13,16.33,14.7,14.98,0
2026-05-29,14.98,16.55,14.59,16.19,0
2026-06-01,16.19,16.92,13.91,16.54,0
2026-06-02,16.54,16.54,15.12,15.36,0
2026-06-03,15.36,16.98,14.85,16.28,0
2026-06-04,16.28,16.41,15.53,15.89,0
2026-06-05,15.89,16.37,13.46,15.79,0
2026-06-08,15.79,18.44,15.79,17.03,0
2026-06-09,17.03,17.03,15.52,15.58,0
2026-06-10,15.58,15.85,14.9,15.63,0
2026-06-11,15.63,15.95,15.12,15.61,0
2026-06-12,15.61,15.61,14.4,14.72,0
2026-06-15,14.72,14.72,13.56,14.35,0
2026-06-16,14.35,14.35,13.01,13.36,0
2026-06-17,13.36,13.53,12.35,13.19,0
2026-06-18,13.19,13.23,11.99,12.67,0
2026-06-19,12.67,13.64,12.07,12.97,0
2026-06-22,12.97,13.51,12.65,12.84,0
2026-06-23,12.84,14.24,12.43,13.94,0
2026-06-24,13.94,14.3,13.3,13.39,0
2026-06-25,13.39,13.39,12.43,13.05,0
2026-06-29,13.05,14.07,12.92,13.61,0
2026-06-30,13.61,13.97,13.15,13.6,0
2026-07-01,13.6,14.07,13.15,13.24,0
2026-07-02,13.24,13.29,12.19,12.29,0
2026-07-03,12.29,12.29,11.65,11.8,0
2026-07-06,11.8,12.36,11.7,11.82,0
2026-07-07,11.82,11.94,11.06,11.65,0
2026-07-08,11.65,15.16,11.34,14.68,0
2026-07-09,14.68,14.68,13.07,13.36,0
2026-07-10,13.36,13.36,12.13,12.25,0
2026-07-13,12.25,13.52,9.48,13.28,0
2026-07-14,13.28,13.87,11.66,13.75,0
2026-07-15,13.75,13.87,13.04,13.27,0
2026-07-16,13.27,13.27,12.78,12.88,0
2026-07-17,12.88,13.35,12.81,13.15,0
2026-07-20,13.15,13.84,12.89,12.98,0
2026-07-21,12.98,13.08,12.1,12.6,0
2026-07-22,12.6,13.43,11.73,13.29,0
2026-07-23,13.29,13.74,12.92,13.48,0
2026-07-24,13.48,14.77,13.18,14.03,0
2026-07-27,14.03,14.33,12.6,12.66,0
2026-07-28,12.66,12.82,11.72,12.56,0
2026-07-29,12.56,12.56,11.56,12.01,0
2026-07-30,12.01,12.32,11.3,12.16,0
2026-07-31,12.16,12.21,11.65,11.76,0
2026-08-03,11.76,12.06,11.7,11.93,0
2026-08-04,11.93,12.55,11.43,12.19,0
2026-08-05,12.19,12.67,10.81,12.06,0
2026-08-06,12.06,12.43,10.1,12.16,0
2026-08-07,12.16,12.55,11.3,12.16,0
2026-08-10,12.16,12.92,10.82,12.25,0
2026-08-11,12.25,12.46,11.19,11.86,0
2026-08-12,11.86,12.09,11.26,11.69,0
2026-08-13,11.69,12.2,10.65,11.42,0
2026-08-14,11.42,11.56,10.83,11.31,0
2026-08-17,11.31,11.78,11.09,11.33,0
2026-08-18,11.33,11.79,10.14,11.39,0
2026-08-19,11.39,11.73,10.06,11.32,0
2026-08-20,11.32,11.32,9.33,10.76,0
2026-08-21,10.76,11.35,9.57,11.2,0
2026-08-24,11.2,11.76,10.32,11.53,0
